{
  "job": {
    "precision": 1.0,
    "recall": 1.0,
    "f1-score": 1.0,
    "support": 27,
    "confused_with": {}
  },
  "code": {
    "precision": 1.0,
    "recall": 1.0,
    "f1-score": 1.0,
    "support": 46,
    "confused_with": {}
  },
  "diem": {
    "precision": 1.0,
    "recall": 1.0,
    "f1-score": 1.0,
    "support": 46,
    "confused_with": {}
  },
  "mon": {
    "precision": 0.9829059829059829,
    "recall": 1.0,
    "f1-score": 0.9913793103448275,
    "support": 115,
    "confused_with": {}
  },
  "major": {
    "precision": 1.0,
    "recall": 0.9897959183673469,
    "f1-score": 0.9948717948717948,
    "support": 196,
    "confused_with": {
      "mon": 2
    }
  },
  "name": {
    "precision": 1.0,
    "recall": 1.0,
    "f1-score": 1.0,
    "support": 8,
    "confused_with": {}
  },
  "sex": {
    "precision": 1.0,
    "recall": 1.0,
    "f1-score": 1.0,
    "support": 7,
    "confused_with": {}
  },
  "micro avg": {
    "precision": 0.9955056179775281,
    "recall": 0.9955056179775281,
    "f1-score": 0.9955056179775281,
    "support": 445
  },
  "macro avg": {
    "precision": 0.9975579975579976,
    "recall": 0.9985422740524781,
    "f1-score": 0.9980358721738032,
    "support": 445
  },
  "weighted avg": {
    "precision": 0.9955824450206473,
    "recall": 0.9955056179775281,
    "f1-score": 0.995513466257364,
    "support": 445
  }
}